[{"name":"ATTENTE_QUESTION","description":"info.but1.sae2025.data.ETAPE.ATTENTE_QUESTION","location":"sae-qui-est-ce-client/info.but1.sae2025.data/-e-t-a-p-e/-a-t-t-e-n-t-e_-q-u-e-s-t-i-o-n/index.html","searchKeys":["ATTENTE_QUESTION","ATTENTE_QUESTION","info.but1.sae2025.data.ETAPE.ATTENTE_QUESTION"]},{"name":"ATTENTE_REFLEXION","description":"info.but1.sae2025.data.ETAPE.ATTENTE_REFLEXION","location":"sae-qui-est-ce-client/info.but1.sae2025.data/-e-t-a-p-e/-a-t-t-e-n-t-e_-r-e-f-l-e-x-i-o-n/index.html","searchKeys":["ATTENTE_REFLEXION","ATTENTE_REFLEXION","info.but1.sae2025.data.ETAPE.ATTENTE_REFLEXION"]},{"name":"ATTENTE_REPONSE","description":"info.but1.sae2025.data.ETAPE.ATTENTE_REPONSE","location":"sae-qui-est-ce-client/info.but1.sae2025.data/-e-t-a-p-e/-a-t-t-e-n-t-e_-r-e-p-o-n-s-e/index.html","searchKeys":["ATTENTE_REPONSE","ATTENTE_REPONSE","info.but1.sae2025.data.ETAPE.ATTENTE_REPONSE"]},{"name":"CREEE","description":"info.but1.sae2025.data.ETAPE.CREEE","location":"sae-qui-est-ce-client/info.but1.sae2025.data/-e-t-a-p-e/-c-r-e-e-e/index.html","searchKeys":["CREEE","CREEE","info.but1.sae2025.data.ETAPE.CREEE"]},{"name":"INITIALISATION","description":"info.but1.sae2025.data.ETAPE.INITIALISATION","location":"sae-qui-est-ce-client/info.but1.sae2025.data/-e-t-a-p-e/-i-n-i-t-i-a-l-i-s-a-t-i-o-n/index.html","searchKeys":["INITIALISATION","INITIALISATION","info.but1.sae2025.data.ETAPE.INITIALISATION"]},{"name":"TERMINEE","description":"info.but1.sae2025.data.ETAPE.TERMINEE","location":"sae-qui-est-ce-client/info.but1.sae2025.data/-e-t-a-p-e/-t-e-r-m-i-n-e-e/index.html","searchKeys":["TERMINEE","TERMINEE","info.but1.sae2025.data.ETAPE.TERMINEE"]},{"name":"class QuiEstCeClient(hote: String, port: Int)","description":"info.but1.sae2025.QuiEstCeClient","location":"sae-qui-est-ce-client/info.but1.sae2025/-qui-est-ce-client/index.html","searchKeys":["QuiEstCeClient","class QuiEstCeClient(hote: String, port: Int)","info.but1.sae2025.QuiEstCeClient"]},{"name":"class QuiEstCeException(msg: String) : Exception","description":"info.but1.sae2025.exceptions.QuiEstCeException","location":"sae-qui-est-ce-client/info.but1.sae2025.exceptions/-qui-est-ce-exception/index.html","searchKeys":["QuiEstCeException","class QuiEstCeException(msg: String) : Exception","info.but1.sae2025.exceptions.QuiEstCeException"]},{"name":"constructor(hote: String, port: Int)","description":"info.but1.sae2025.QuiEstCeClient.QuiEstCeClient","location":"sae-qui-est-ce-client/info.but1.sae2025/-qui-est-ce-client/-qui-est-ce-client.html","searchKeys":["QuiEstCeClient","constructor(hote: String, port: Int)","info.but1.sae2025.QuiEstCeClient.QuiEstCeClient"]},{"name":"constructor(id: Int, cle: String)","description":"info.but1.sae2025.data.IdentificationJoueur.IdentificationJoueur","location":"sae-qui-est-ce-client/info.but1.sae2025.data/-identification-joueur/-identification-joueur.html","searchKeys":["IdentificationJoueur","constructor(id: Int, cle: String)","info.but1.sae2025.data.IdentificationJoueur.IdentificationJoueur"]},{"name":"constructor(idJoueur1: Int, idJoueur2: Int, etape: ETAPE, idJoueurQuestionCourante: Int, questionCourante: String, idJoueurReponseCourante: Int, reponseCourante: String)","description":"info.but1.sae2025.data.EtatPartie.EtatPartie","location":"sae-qui-est-ce-client/info.but1.sae2025.data/-etat-partie/-etat-partie.html","searchKeys":["EtatPartie","constructor(idJoueur1: Int, idJoueur2: Int, etape: ETAPE, idJoueurQuestionCourante: Int, questionCourante: String, idJoueurReponseCourante: Int, reponseCourante: String)","info.but1.sae2025.data.EtatPartie.EtatPartie"]},{"name":"constructor(msg: String)","description":"info.but1.sae2025.exceptions.QuiEstCeException.QuiEstCeException","location":"sae-qui-est-ce-client/info.but1.sae2025.exceptions/-qui-est-ce-exception/-qui-est-ce-exception.html","searchKeys":["QuiEstCeException","constructor(msg: String)","info.but1.sae2025.exceptions.QuiEstCeException.QuiEstCeException"]},{"name":"constructor(nom: String, prenom: String)","description":"info.but1.sae2025.data.Joueur.Joueur","location":"sae-qui-est-ce-client/info.but1.sae2025.data/-joueur/-joueur.html","searchKeys":["Joueur","constructor(nom: String, prenom: String)","info.but1.sae2025.data.Joueur.Joueur"]},{"name":"constructor(nom: String, prenom: String, url: String)","description":"info.but1.sae2025.data.Personnage.Personnage","location":"sae-qui-est-ce-client/info.but1.sae2025.data/-personnage/-personnage.html","searchKeys":["Personnage","constructor(nom: String, prenom: String, url: String)","info.but1.sae2025.data.Personnage.Personnage"]},{"name":"data class EtatPartie(val idJoueur1: Int, val idJoueur2: Int, val etape: ETAPE, val idJoueurQuestionCourante: Int, val questionCourante: String, val idJoueurReponseCourante: Int, val reponseCourante: String)","description":"info.but1.sae2025.data.EtatPartie","location":"sae-qui-est-ce-client/info.but1.sae2025.data/-etat-partie/index.html","searchKeys":["EtatPartie","data class EtatPartie(val idJoueur1: Int, val idJoueur2: Int, val etape: ETAPE, val idJoueurQuestionCourante: Int, val questionCourante: String, val idJoueurReponseCourante: Int, val reponseCourante: String)","info.but1.sae2025.data.EtatPartie"]},{"name":"data class IdentificationJoueur(val id: Int, val cle: String)","description":"info.but1.sae2025.data.IdentificationJoueur","location":"sae-qui-est-ce-client/info.but1.sae2025.data/-identification-joueur/index.html","searchKeys":["IdentificationJoueur","data class IdentificationJoueur(val id: Int, val cle: String)","info.but1.sae2025.data.IdentificationJoueur"]},{"name":"data class Joueur(val nom: String, val prenom: String)","description":"info.but1.sae2025.data.Joueur","location":"sae-qui-est-ce-client/info.but1.sae2025.data/-joueur/index.html","searchKeys":["Joueur","data class Joueur(val nom: String, val prenom: String)","info.but1.sae2025.data.Joueur"]},{"name":"data class Personnage(val nom: String, val prenom: String, val url: String)","description":"info.but1.sae2025.data.Personnage","location":"sae-qui-est-ce-client/info.but1.sae2025.data/-personnage/index.html","searchKeys":["Personnage","data class Personnage(val nom: String, val prenom: String, val url: String)","info.but1.sae2025.data.Personnage"]},{"name":"enum ETAPE : Enum<ETAPE> ","description":"info.but1.sae2025.data.ETAPE","location":"sae-qui-est-ce-client/info.but1.sae2025.data/-e-t-a-p-e/index.html","searchKeys":["ETAPE","enum ETAPE : Enum<ETAPE> ","info.but1.sae2025.data.ETAPE"]},{"name":"fun requeteChercherEncore(idPartie: Int, idJoueur: Int, cleJoueur: String): EtatPartie","description":"info.but1.sae2025.QuiEstCeClient.requeteChercherEncore","location":"sae-qui-est-ce-client/info.but1.sae2025/-qui-est-ce-client/requete-chercher-encore.html","searchKeys":["requeteChercherEncore","fun requeteChercherEncore(idPartie: Int, idJoueur: Int, cleJoueur: String): EtatPartie","info.but1.sae2025.QuiEstCeClient.requeteChercherEncore"]},{"name":"fun requeteChoixPersonnage(idPartie: Int, idJoueur: Int, cleJoueur: String, ligne: Int, colonne: Int): EtatPartie","description":"info.but1.sae2025.QuiEstCeClient.requeteChoixPersonnage","location":"sae-qui-est-ce-client/info.but1.sae2025/-qui-est-ce-client/requete-choix-personnage.html","searchKeys":["requeteChoixPersonnage","fun requeteChoixPersonnage(idPartie: Int, idJoueur: Int, cleJoueur: String, ligne: Int, colonne: Int): EtatPartie","info.but1.sae2025.QuiEstCeClient.requeteChoixPersonnage"]},{"name":"fun requeteCreationJoueur(nom: String, prenom: String): IdentificationJoueur","description":"info.but1.sae2025.QuiEstCeClient.requeteCreationJoueur","location":"sae-qui-est-ce-client/info.but1.sae2025/-qui-est-ce-client/requete-creation-joueur.html","searchKeys":["requeteCreationJoueur","fun requeteCreationJoueur(nom: String, prenom: String): IdentificationJoueur","info.but1.sae2025.QuiEstCeClient.requeteCreationJoueur"]},{"name":"fun requeteCreationPartie(idJoueur: Int, cleJoueur: String): Int","description":"info.but1.sae2025.QuiEstCeClient.requeteCreationPartie","location":"sae-qui-est-ce-client/info.but1.sae2025/-qui-est-ce-client/requete-creation-partie.html","searchKeys":["requeteCreationPartie","fun requeteCreationPartie(idJoueur: Int, cleJoueur: String): Int","info.but1.sae2025.QuiEstCeClient.requeteCreationPartie"]},{"name":"fun requeteDonnerReponse(idPartie: Int, idJoueur: Int, cleJoueur: String, reponse: String): EtatPartie","description":"info.but1.sae2025.QuiEstCeClient.requeteDonnerReponse","location":"sae-qui-est-ce-client/info.but1.sae2025/-qui-est-ce-client/requete-donner-reponse.html","searchKeys":["requeteDonnerReponse","fun requeteDonnerReponse(idPartie: Int, idJoueur: Int, cleJoueur: String, reponse: String): EtatPartie","info.but1.sae2025.QuiEstCeClient.requeteDonnerReponse"]},{"name":"fun requeteEssai(): String","description":"info.but1.sae2025.QuiEstCeClient.requeteEssai","location":"sae-qui-est-ce-client/info.but1.sae2025/-qui-est-ce-client/requete-essai.html","searchKeys":["requeteEssai","fun requeteEssai(): String","info.but1.sae2025.QuiEstCeClient.requeteEssai"]},{"name":"fun requeteEtatPartie(idPartie: Int): EtatPartie","description":"info.but1.sae2025.QuiEstCeClient.requeteEtatPartie","location":"sae-qui-est-ce-client/info.but1.sae2025/-qui-est-ce-client/requete-etat-partie.html","searchKeys":["requeteEtatPartie","fun requeteEtatPartie(idPartie: Int): EtatPartie","info.but1.sae2025.QuiEstCeClient.requeteEtatPartie"]},{"name":"fun requeteGrilleJoueur(idPartie: Int, idJoueur: Int): List<List<Personnage>>","description":"info.but1.sae2025.QuiEstCeClient.requeteGrilleJoueur","location":"sae-qui-est-ce-client/info.but1.sae2025/-qui-est-ce-client/requete-grille-joueur.html","searchKeys":["requeteGrilleJoueur","fun requeteGrilleJoueur(idPartie: Int, idJoueur: Int): List<List<Personnage>>","info.but1.sae2025.QuiEstCeClient.requeteGrilleJoueur"]},{"name":"fun requeteJoueur(idJoueur: Int): Joueur","description":"info.but1.sae2025.QuiEstCeClient.requeteJoueur","location":"sae-qui-est-ce-client/info.but1.sae2025/-qui-est-ce-client/requete-joueur.html","searchKeys":["requeteJoueur","fun requeteJoueur(idJoueur: Int): Joueur","info.but1.sae2025.QuiEstCeClient.requeteJoueur"]},{"name":"fun requeteJoueurs(): List<Int>","description":"info.but1.sae2025.QuiEstCeClient.requeteJoueurs","location":"sae-qui-est-ce-client/info.but1.sae2025/-qui-est-ce-client/requete-joueurs.html","searchKeys":["requeteJoueurs","fun requeteJoueurs(): List<Int>","info.but1.sae2025.QuiEstCeClient.requeteJoueurs"]},{"name":"fun requeteListeParties(): List<Int>","description":"info.but1.sae2025.QuiEstCeClient.requeteListeParties","location":"sae-qui-est-ce-client/info.but1.sae2025/-qui-est-ce-client/requete-liste-parties.html","searchKeys":["requeteListeParties","fun requeteListeParties(): List<Int>","info.but1.sae2025.QuiEstCeClient.requeteListeParties"]},{"name":"fun requeteListePartiesCreees(): List<Int>","description":"info.but1.sae2025.QuiEstCeClient.requeteListePartiesCreees","location":"sae-qui-est-ce-client/info.but1.sae2025/-qui-est-ce-client/requete-liste-parties-creees.html","searchKeys":["requeteListePartiesCreees","fun requeteListePartiesCreees(): List<Int>","info.but1.sae2025.QuiEstCeClient.requeteListePartiesCreees"]},{"name":"fun requeteListePartiesTerminees(): List<Int>","description":"info.but1.sae2025.QuiEstCeClient.requeteListePartiesTerminees","location":"sae-qui-est-ce-client/info.but1.sae2025/-qui-est-ce-client/requete-liste-parties-terminees.html","searchKeys":["requeteListePartiesTerminees","fun requeteListePartiesTerminees(): List<Int>","info.but1.sae2025.QuiEstCeClient.requeteListePartiesTerminees"]},{"name":"fun requetePoserQuestion(idPartie: Int, idJoueur: Int, cleJoueur: String, question: String): EtatPartie","description":"info.but1.sae2025.QuiEstCeClient.requetePoserQuestion","location":"sae-qui-est-ce-client/info.but1.sae2025/-qui-est-ce-client/requete-poser-question.html","searchKeys":["requetePoserQuestion","fun requetePoserQuestion(idPartie: Int, idJoueur: Int, cleJoueur: String, question: String): EtatPartie","info.but1.sae2025.QuiEstCeClient.requetePoserQuestion"]},{"name":"fun requeteRejoindrePartie(idPartie: Int, idJoueur: Int, cleJoueur: String): EtatPartie","description":"info.but1.sae2025.QuiEstCeClient.requeteRejoindrePartie","location":"sae-qui-est-ce-client/info.but1.sae2025/-qui-est-ce-client/requete-rejoindre-partie.html","searchKeys":["requeteRejoindrePartie","fun requeteRejoindrePartie(idPartie: Int, idJoueur: Int, cleJoueur: String): EtatPartie","info.but1.sae2025.QuiEstCeClient.requeteRejoindrePartie"]},{"name":"fun requeteTrouve(idPartie: Int, idJoueur: Int, cleJoueur: String, ligne: Int, colonne: Int): Boolean","description":"info.but1.sae2025.QuiEstCeClient.requeteTrouve","location":"sae-qui-est-ce-client/info.but1.sae2025/-qui-est-ce-client/requete-trouve.html","searchKeys":["requeteTrouve","fun requeteTrouve(idPartie: Int, idJoueur: Int, cleJoueur: String, ligne: Int, colonne: Int): Boolean","info.but1.sae2025.QuiEstCeClient.requeteTrouve"]},{"name":"fun valueOf(value: String): ETAPE","description":"info.but1.sae2025.data.ETAPE.valueOf","location":"sae-qui-est-ce-client/info.but1.sae2025.data/-e-t-a-p-e/value-of.html","searchKeys":["valueOf","fun valueOf(value: String): ETAPE","info.but1.sae2025.data.ETAPE.valueOf"]},{"name":"fun values(): Array<ETAPE>","description":"info.but1.sae2025.data.ETAPE.values","location":"sae-qui-est-ce-client/info.but1.sae2025.data/-e-t-a-p-e/values.html","searchKeys":["values","fun values(): Array<ETAPE>","info.but1.sae2025.data.ETAPE.values"]},{"name":"val cle: String","description":"info.but1.sae2025.data.IdentificationJoueur.cle","location":"sae-qui-est-ce-client/info.but1.sae2025.data/-identification-joueur/cle.html","searchKeys":["cle","val cle: String","info.but1.sae2025.data.IdentificationJoueur.cle"]},{"name":"val entries: EnumEntries<ETAPE>","description":"info.but1.sae2025.data.ETAPE.entries","location":"sae-qui-est-ce-client/info.but1.sae2025.data/-e-t-a-p-e/entries.html","searchKeys":["entries","val entries: EnumEntries<ETAPE>","info.but1.sae2025.data.ETAPE.entries"]},{"name":"val etape: ETAPE","description":"info.but1.sae2025.data.EtatPartie.etape","location":"sae-qui-est-ce-client/info.but1.sae2025.data/-etat-partie/etape.html","searchKeys":["etape","val etape: ETAPE","info.but1.sae2025.data.EtatPartie.etape"]},{"name":"val id: Int","description":"info.but1.sae2025.data.IdentificationJoueur.id","location":"sae-qui-est-ce-client/info.but1.sae2025.data/-identification-joueur/id.html","searchKeys":["id","val id: Int","info.but1.sae2025.data.IdentificationJoueur.id"]},{"name":"val idJoueur1: Int","description":"info.but1.sae2025.data.EtatPartie.idJoueur1","location":"sae-qui-est-ce-client/info.but1.sae2025.data/-etat-partie/id-joueur1.html","searchKeys":["idJoueur1","val idJoueur1: Int","info.but1.sae2025.data.EtatPartie.idJoueur1"]},{"name":"val idJoueur2: Int","description":"info.but1.sae2025.data.EtatPartie.idJoueur2","location":"sae-qui-est-ce-client/info.but1.sae2025.data/-etat-partie/id-joueur2.html","searchKeys":["idJoueur2","val idJoueur2: Int","info.but1.sae2025.data.EtatPartie.idJoueur2"]},{"name":"val idJoueurQuestionCourante: Int","description":"info.but1.sae2025.data.EtatPartie.idJoueurQuestionCourante","location":"sae-qui-est-ce-client/info.but1.sae2025.data/-etat-partie/id-joueur-question-courante.html","searchKeys":["idJoueurQuestionCourante","val idJoueurQuestionCourante: Int","info.but1.sae2025.data.EtatPartie.idJoueurQuestionCourante"]},{"name":"val idJoueurReponseCourante: Int","description":"info.but1.sae2025.data.EtatPartie.idJoueurReponseCourante","location":"sae-qui-est-ce-client/info.but1.sae2025.data/-etat-partie/id-joueur-reponse-courante.html","searchKeys":["idJoueurReponseCourante","val idJoueurReponseCourante: Int","info.but1.sae2025.data.EtatPartie.idJoueurReponseCourante"]},{"name":"val nom: String","description":"info.but1.sae2025.data.Joueur.nom","location":"sae-qui-est-ce-client/info.but1.sae2025.data/-joueur/nom.html","searchKeys":["nom","val nom: String","info.but1.sae2025.data.Joueur.nom"]},{"name":"val nom: String","description":"info.but1.sae2025.data.Personnage.nom","location":"sae-qui-est-ce-client/info.but1.sae2025.data/-personnage/nom.html","searchKeys":["nom","val nom: String","info.but1.sae2025.data.Personnage.nom"]},{"name":"val prenom: String","description":"info.but1.sae2025.data.Joueur.prenom","location":"sae-qui-est-ce-client/info.but1.sae2025.data/-joueur/prenom.html","searchKeys":["prenom","val prenom: String","info.but1.sae2025.data.Joueur.prenom"]},{"name":"val prenom: String","description":"info.but1.sae2025.data.Personnage.prenom","location":"sae-qui-est-ce-client/info.but1.sae2025.data/-personnage/prenom.html","searchKeys":["prenom","val prenom: String","info.but1.sae2025.data.Personnage.prenom"]},{"name":"val questionCourante: String","description":"info.but1.sae2025.data.EtatPartie.questionCourante","location":"sae-qui-est-ce-client/info.but1.sae2025.data/-etat-partie/question-courante.html","searchKeys":["questionCourante","val questionCourante: String","info.but1.sae2025.data.EtatPartie.questionCourante"]},{"name":"val reponseCourante: String","description":"info.but1.sae2025.data.EtatPartie.reponseCourante","location":"sae-qui-est-ce-client/info.but1.sae2025.data/-etat-partie/reponse-courante.html","searchKeys":["reponseCourante","val reponseCourante: String","info.but1.sae2025.data.EtatPartie.reponseCourante"]},{"name":"val url: String","description":"info.but1.sae2025.data.Personnage.url","location":"sae-qui-est-ce-client/info.but1.sae2025.data/-personnage/url.html","searchKeys":["url","val url: String","info.but1.sae2025.data.Personnage.url"]}]